{
    "auc": 0.5821790001430542,
    "classification_report": {
        "0": {
            "precision": 0.9001616220981487,
            "recall": 0.9979638377585927,
            "f1-score": 0.9465430668211665,
            "support": 12278.0
        },
        "1": {
            "precision": 0.13793103448275862,
            "recall": 0.00293470286133529,
            "f1-score": 0.005747126436781609,
            "support": 1363.0
        },
        "accuracy": 0.8985411626713584,
        "macro avg": {
            "precision": 0.5190463282904536,
            "recall": 0.500449270309964,
            "f1-score": 0.4761450966289741,
            "support": 13641.0
        },
        "weighted avg": {
            "precision": 0.8240000290390052,
            "recall": 0.8985411626713584,
            "f1-score": 0.8525393378611258,
            "support": 13641.0
        }
    }
}