{
    "auc": 0.5831328096003958,
    "classification_report": {
        "0": {
            "precision": 0.8996547417909352,
            "recall": 0.9979628422425033,
            "f1-score": 0.9462623140815144,
            "support": 12272.0
        },
        "1": {
            "precision": 0.13793103448275862,
            "recall": 0.00291970802919708,
            "f1-score": 0.005718370264474625,
            "support": 1370.0
        },
        "accuracy": 0.8980354786688169,
        "macro avg": {
            "precision": 0.5187928881368469,
            "recall": 0.5004412751358502,
            "f1-score": 0.4759903421729945,
            "support": 13642.0
        },
        "weighted avg": {
            "precision": 0.8231585184356939,
            "recall": 0.8980354786688169,
            "f1-score": 0.8518080402925285,
            "support": 13642.0
        }
    }
}