{
    "auc": 0.5821989811432435,
    "classification_report": {
        "0": {
            "precision": 0.9000881575080811,
            "recall": 0.9979636719068177,
            "f1-score": 0.9465023755262852,
            "support": 12277.0
        },
        "1": {
            "precision": 0.13793103448275862,
            "recall": 0.002932551319648094,
            "f1-score": 0.00574300071787509,
            "support": 1364.0
        },
        "accuracy": 0.898467854262884,
        "macro avg": {
            "precision": 0.5190095959954198,
            "recall": 0.5004481116132329,
            "f1-score": 0.47612268812208014,
            "support": 13641.0
        },
        "weighted avg": {
            "precision": 0.8238780324581185,
            "recall": 0.898467854262884,
            "f1-score": 0.8524333346026967,
            "support": 13641.0
        }
    }
}